{"ratio": [], "shift": [["choisir,UTILISATEUR", 0], ["choisir,RECETTES", 0], ["ecrire,COMMENTAIRES", 0], ["ecrire,UTILISATEUR", 0], ["ajouter,CONTRIBUTEUR", 0], ["ajouter,RECETTES", 0], ["creer,CUISINIER", 0], ["creer,RECETTES", 0], ["associe,CUISINIER", 0], ["associe,INGREDIENTS", 0]], "colors": [["annotation_color", "#01665e"], ["annotation_text_color", "#f5f5f5"], ["association_attribute_text_color", "#000000"], ["association_cartouche_color", "#80cdc1"], ["association_cartouche_text_color", "#000000"], ["association_color", "#c7eae5"], ["association_stroke_color", "#35978f"], ["background_color", "#f5f5f5"], ["card_text_color", "#8c510a"], ["entity_attribute_text_color", "#000000"], ["entity_cartouche_color", "#dfc27d"], ["entity_cartouche_text_color", "#000000"], ["entity_color", "#f6e8c3"], ["entity_stroke_color", "#bf812d"], ["leg_stroke_color", "#35978f"], ["transparent_color", "none"]], "cy": [["choisir", 68], ["UTILISATEUR", 68], ["ecrire", 68], ["COMMENTAIRES", 68], ["RECETTES", 203], ["ajouter", 203], ["CONTRIBUTEUR", 203], ["creer", 338], ["CUISINIER", 338], ["associe", 338], ["INGREDIENTS", 338]], "cx": [["choisir", 46], ["UTILISATEUR", 152], ["ecrire", 267], ["COMMENTAIRES", 380], ["RECETTES", 46], ["ajouter", 152], ["CONTRIBUTEUR", 267], ["creer", 46], ["CUISINIER", 152], ["associe", 267], ["INGREDIENTS", 380]], "size": [445, 406]}